user_id,txn_count,avg_transaction_value,max_transaction,total_spend,spending_variance,high_value_txn_ratio,weekend_spending_ratio,night_transaction_ratio,late_night_txn_count,weekend_night_ratio,favorite_category,merchant_diversity,category_switch_rate,preferred_payment_method,avg_network_latency,unique_upi_apps,failed_transaction_rate,avg_transaction_gap,transaction_gap_variance,failed_txn_spike_ratio,recurring_payment_ratio,income_level,user_profile,behavior_personality
U000,10,8343.259,18032.88,83432.59,6630.883572024421,0.4,0.3,0.1,1,0.0,shopping,4,0.9,UPI,239.41245588210387,3,0.7,157.8924707060544,171.32726560463877,0.1,0.0,medium,family,frugal
U001,64,3209.064375,31073.14,205380.12,6271.454709210785,0.046875,0.234375,0.046875,3,0.0,entertainment,10,0.875,wallet,331.73704768878065,3,0.578125,59.1999612556123,58.78463352998003,0.015625,0.0625,low,student,balanced
U002,18,5758.9783333333335,20325.45,103661.61,4809.942559594963,0.16666666666666666,0.2222222222222222,0.05555555555555555,1,0.0,health,5,0.6666666666666666,card,296.26086809780855,3,0.3333333333333333,44.75799141602522,38.21836383773486,0.0,0.05555555555555555,medium,family,digital_addict
U003,59,4231.8438983050855,39955.83,249678.79000000004,7472.721316568918,0.0847457627118644,0.2711864406779661,0.0847457627118644,5,0.03389830508474576,recharge,7,0.864406779661017,UPI,322.7176747296652,3,0.5254237288135594,144.03171576278066,135.27941256677337,0.03389830508474576,0.03389830508474576,low,student,frugal
U004,10,25282.506,136597.86,252825.06,44524.116415451674,0.2,0.3,0.2,2,0.1,shopping,7,1.0,card,440.01364829512266,3,0.2,55.8727828561851,46.14644314114358,0.0,0.0,medium,family,digital_addict
U005,36,6066.365277777778,19684.62,218389.15,4436.447354110839,0.1111111111111111,0.3333333333333333,0.1388888888888889,5,0.05555555555555555,bills,7,0.8333333333333334,UPI,306.67602880442627,3,0.19444444444444445,68.1707052737292,72.79887151492397,0.0,0.19444444444444445,medium,family,digital_addict
U006,56,5815.123571428571,14348.8,325646.92,3740.988239307619,0.16071428571428573,0.375,0.05357142857142857,3,0.03571428571428571,food,8,0.875,card,258.871407556784,3,0.4107142857142857,50.887839022153585,51.22500777091948,0.017857142857142856,0.10714285714285714,medium_high,working,digital_addict
U007,33,2957.522121212121,20294.61,97598.23,3934.500087171779,0.06060606060606061,0.36363636363636365,0.06060606060606061,2,0.030303030303030304,entertainment,8,0.8181818181818182,UPI,399.3577076737188,3,0.45454545454545453,53.80393275013996,59.65185958015479,0.030303030303030304,0.06060606060606061,low,student,luxury
U008,57,8627.395789473685,188539.15,491761.56000000006,25719.022068086724,0.12280701754385964,0.21052631578947367,0.15789473684210525,9,0.017543859649122806,shopping,6,0.7017543859649122,UPI,365.1022457091039,3,0.2982456140350877,28.34617227438311,37.11504062772525,0.0,0.017543859649122806,low,student,impulsive
U009,32,6608.9765625,42088.02,211487.25,10018.636246475739,0.21875,0.4375,0.21875,7,0.125,shopping,9,0.71875,wallet,309.35003445211845,3,0.4375,39.26492918195528,41.463548016438395,0.0,0.0,low,student,impulsive
U010,22,7411.615,31716.57,163055.53,6862.681601244135,0.13636363636363635,0.18181818181818182,0.18181818181818182,4,0.13636363636363635,shopping,4,0.9545454545454546,UPI,276.79218925979154,3,0.13636363636363635,28.895629618985037,35.63018407826969,0.0,0.18181818181818182,medium,family,impulsive
U011,37,5280.569189189188,12971.09,195381.05999999997,3467.8702827811403,0.13513513513513514,0.43243243243243246,0.05405405405405406,2,0.0,shopping,7,0.8648648648648649,card,273.04099256487336,3,0.2972972972972973,52.33186640506217,60.336087246836456,0.0,0.0,medium,family,luxury
U012,56,13787.471428571427,166002.83,772098.3999999999,25429.61819404777,0.3392857142857143,0.375,0.125,7,0.05357142857142857,travel,9,0.8392857142857143,wallet,299.2008424414697,3,0.42857142857142855,100.68558990706372,90.97820984316226,0.0,0.05357142857142857,medium_high,working,frugal
U013,47,7653.488936170211,89555.63,359713.9799999999,13445.88194004916,0.1276595744680851,0.2127659574468085,0.1702127659574468,8,0.0425531914893617,health,8,0.7659574468085106,UPI,357.8198255627385,3,0.46808510638297873,50.790090654686274,55.67788909125341,0.0425531914893617,0.1276595744680851,medium,family,digital_addict
U014,27,14762.18037037037,171100.8,398578.87,32470.87903790262,0.25925925925925924,0.3333333333333333,0.07407407407407407,2,0.0,food,6,0.8148148148148148,UPI,261.6656561422656,3,0.25925925925925924,51.802846990720475,45.45688651159255,0.0,0.07407407407407407,medium_high,working,digital_addict
U015,47,3868.1789361702126,57299.82,181804.41,8754.98831181283,0.0425531914893617,0.19148936170212766,0.0851063829787234,4,0.02127659574468085,shopping,8,0.8297872340425532,UPI,333.68985023912967,3,0.3617021276595745,59.55788669489777,57.04321008457089,0.02127659574468085,0.0,low,student,balanced
U016,56,3018.031785714286,24642.88,169009.78,3912.01778841378,0.05357142857142857,0.32142857142857145,0.16071428571428573,9,0.03571428571428571,recharge,8,0.7857142857142857,wallet,325.87563644660287,3,0.19642857142857142,59.34511108784478,60.911171955261324,0.0,0.017857142857142856,low,student,balanced
U017,65,9713.335692307692,44599.0,631366.82,9334.161153080047,0.3384615384615385,0.24615384615384617,0.09230769230769231,6,0.03076923076923077,bills,10,0.7538461538461538,UPI,367.90784160298557,3,0.38461538461538464,31.696530622300884,35.443797381853955,0.015384615384615385,0.13846153846153847,medium_high,working,impulsive
U018,37,6224.237297297296,38188.02,230296.77999999997,6323.673272733731,0.16216216216216217,0.32432432432432434,0.13513513513513514,5,0.08108108108108109,shopping,8,0.8108108108108109,card,330.7427788355158,3,0.5135135135135135,39.570790138318735,36.80792921486892,0.02702702702702703,0.08108108108108109,medium_high,working,balanced
U019,25,3565.8256,18691.8,89145.64,4103.785401714576,0.08,0.28,0.08,2,0.0,recharge,7,0.96,UPI,484.16186794577743,3,0.32,33.165936159538326,33.58666931065637,0.04,0.08,low,student,impulsive
U020,23,11317.13347826087,96246.71,260294.07,23174.02562771864,0.13043478260869565,0.2608695652173913,0.0,0,0.0,bills,4,0.8260869565217391,card,336.9441764423702,3,0.2608695652173913,122.42743635638105,148.4314405106684,0.0,0.0,medium,family,frugal
U021,81,4015.920370370371,55635.9,325289.55000000005,8296.010420668095,0.037037037037037035,0.2839506172839506,0.1728395061728395,14,0.024691358024691357,entertainment,9,0.8148148148148148,card,299.26269593970216,3,0.37037037037037035,52.45950283290471,43.22915889244676,0.012345679012345678,0.024691358024691357,low,student,digital_addict
U022,50,2361.0426,5080.25,118052.13,1380.5690030619805,0.0,0.36,0.06,3,0.02,shopping,8,0.8,wallet,428.65724248838245,3,0.18,63.046403234827224,69.00156653462064,0.02,0.0,low,student,luxury
U023,29,6191.695862068964,51682.55,179559.17999999996,9168.950695398387,0.034482758620689655,0.27586206896551724,0.27586206896551724,8,0.06896551724137931,shopping,6,0.896551724137931,UPI,352.03416916150724,3,0.20689655172413793,45.6949413347829,38.943795828592066,0.0,0.10344827586206896,medium,family,digital_addict
U024,37,2786.9154054054047,29665.44,103115.86999999998,4841.060731099925,0.05405405405405406,0.32432432432432434,0.05405405405405406,2,0.0,entertainment,6,0.8378378378378378,card,332.0010490671428,3,0.2972972972972973,43.22027345503173,45.4690026862433,0.0,0.0,low,student,balanced
U025,63,8829.668888888886,91817.34,556269.1399999998,14802.35552589695,0.20634920634920634,0.31746031746031744,0.047619047619047616,3,0.015873015873015872,shopping,10,0.8571428571428571,card,328.8893189675056,3,0.42857142857142855,61.88698463905453,54.927567247742104,0.015873015873015872,0.047619047619047616,medium_high,working,luxury
U026,29,8584.658275862068,50429.68,248955.09,10207.781989843781,0.20689655172413793,0.3103448275862069,0.034482758620689655,1,0.034482758620689655,shopping,7,0.9310344827586207,wallet,313.3936742984833,3,0.20689655172413793,30.89823710172902,36.792120413888746,0.0,0.06896551724137931,medium,family,impulsive
U027,23,5712.179565217391,34203.42,131380.13,6803.186018151868,0.08695652173913043,0.34782608695652173,0.043478260869565216,1,0.0,food,6,0.6521739130434783,card,259.5515480186288,3,0.5217391304347826,53.993427764145906,57.413540324445854,0.08695652173913043,0.08695652173913043,medium_high,working,luxury
U028,83,9398.690361445784,362316.78,780091.3000000002,40471.68287241924,0.0963855421686747,0.3614457831325301,0.14457831325301204,12,0.03614457831325301,shopping,8,0.7951807228915663,card,329.3098731215434,3,0.37349397590361444,58.15125204939767,54.83082184783423,0.03614457831325301,0.024096385542168676,low,student,digital_addict
U029,46,8076.894347826086,107090.75,371537.13999999996,17191.41764368342,0.17391304347826086,0.34782608695652173,0.17391304347826086,8,0.08695652173913043,groceries,8,0.8695652173913043,UPI,351.7585232272555,3,0.8260869565217391,61.22412765047344,53.95441404189882,0.06521739130434782,0.06521739130434782,medium,family,digital_addict
U030,26,7886.022692307693,59917.83,205036.59000000003,11059.369224461063,0.15384615384615385,0.34615384615384615,0.15384615384615385,4,0.0,bills,6,0.6923076923076923,card,338.50204389109297,3,0.6153846153846154,74.2360517071903,70.51508852260552,0.07692307692307693,0.11538461538461539,medium,family,luxury
U031,64,2573.1865625,11192.4,164683.94,1925.1537793989412,0.015625,0.328125,0.1875,12,0.046875,entertainment,10,0.875,UPI,374.6775388827795,3,0.640625,62.58763956387316,60.742008453195304,0.0625,0.046875,low,student,digital_addict
U032,80,6875.05025,266473.48,550004.02,29631.512887224457,0.075,0.2875,0.075,6,0.025,entertainment,9,0.825,card,365.78041174262563,3,0.3875,139.0986843292635,141.35992246736998,0.0125,0.0,low,student,frugal
U033,42,6469.212142857144,39265.57,271706.91000000003,6324.636019845683,0.19047619047619047,0.2857142857142857,0.14285714285714285,6,0.047619047619047616,groceries,8,0.8333333333333334,UPI,341.05912218211614,3,0.40476190476190477,62.43191546582009,63.18405655148214,0.023809523809523808,0.09523809523809523,medium,family,luxury
U034,38,18394.41368421053,182445.21,698987.7200000001,41274.503637834816,0.3157894736842105,0.2894736842105263,0.10526315789473684,4,0.02631578947368421,bills,6,0.8421052631578947,UPI,276.4692966830718,3,0.47368421052631576,59.19839049755617,68.29848842063898,0.02631578947368421,0.10526315789473684,medium_high,working,luxury
U035,29,7551.79275862069,20379.38,219001.99,4922.046356873689,0.2413793103448276,0.27586206896551724,0.20689655172413793,6,0.034482758620689655,food,8,0.8275862068965517,UPI,317.6011669267608,3,0.5517241379310345,60.82416029265806,61.44332130548093,0.034482758620689655,0.06896551724137931,medium_high,working,digital_addict
U036,59,3940.4813559322038,44684.1,232488.40000000002,8028.709647558235,0.06779661016949153,0.1864406779661017,0.03389830508474576,2,0.0,recharge,10,0.8135593220338984,card,269.25645697282096,3,0.23728813559322035,132.64367155042206,160.09532705805324,0.0,0.03389830508474576,low,student,frugal
U037,37,8274.444324324324,47229.14,306154.44,7987.231740205927,0.32432432432432434,0.21621621621621623,0.13513513513513514,5,0.05405405405405406,shopping,8,0.8648648648648649,UPI,373.052326303046,3,0.21621621621621623,35.692619911820785,47.318292633027895,0.0,0.10810810810810811,medium,family,impulsive
U038,22,10579.025,40951.98,232738.55,9777.008412929918,0.3181818181818182,0.13636363636363635,0.045454545454545456,1,0.0,food,7,0.9090909090909091,UPI,278.72153552950056,3,0.36363636363636365,87.26740186646067,95.55671786751945,0.0,0.13636363636363635,medium_high,working,frugal
U039,35,8438.504571428572,50841.24,295347.66000000003,10155.971582543225,0.17142857142857143,0.2,0.08571428571428572,3,0.0,food,7,0.8857142857142857,UPI,291.8880967930363,3,0.45714285714285713,156.7496806410251,161.01919376067534,0.02857142857142857,0.11428571428571428,medium_high,working,frugal
U040,16,5764.7318749999995,20471.11,92235.70999999999,4864.705425358208,0.0625,0.125,0.125,2,0.0,bills,5,0.8125,UPI,348.45385019456575,3,0.75,37.49084843292294,34.64443056752806,0.0625,0.1875,medium,family,impulsive
U041,88,3994.432500000001,74532.64,351510.06000000006,9258.44795578701,0.022727272727272728,0.2840909090909091,0.20454545454545456,18,0.03409090909090909,shopping,9,0.8409090909090909,UPI,346.0303030263613,3,0.45454545454545453,70.234978975344,79.56116945458544,0.022727272727272728,0.011363636363636364,low,student,digital_addict
U042,30,8366.583666666667,31412.72,250997.51,8072.393692608495,0.16666666666666666,0.26666666666666666,0.2,6,0.03333333333333333,health,6,0.8333333333333334,card,349.19555402836585,3,0.8333333333333334,39.876450211433536,41.85877223022706,0.1,0.1,medium,family,impulsive
U043,13,5586.8061538461525,14163.65,72628.47999999998,4061.332933556704,0.07692307692307693,0.38461538461538464,0.15384615384615385,2,0.07692307692307693,groceries,8,1.0,card,340.75330478253,3,0.6153846153846154,57.75578706141994,51.283536291269115,0.07692307692307693,0.07692307692307693,medium,family,digital_addict
U044,51,6607.171568627451,128233.09,336965.75,19004.258798725023,0.0784313725490196,0.23529411764705882,0.13725490196078433,7,0.0392156862745098,shopping,7,0.9019607843137255,card,386.2382114786825,3,0.27450980392156865,60.976491496387894,59.44964449076463,0.0392156862745098,0.0,low,student,digital_addict
U045,31,8017.644193548388,41969.61,248546.97000000003,9657.744865813405,0.12903225806451613,0.1935483870967742,0.0967741935483871,3,0.0,health,5,0.7419354838709677,card,446.521009800415,3,0.3548387096774194,127.96043353838277,151.50291633527962,0.03225806451612903,0.25806451612903225,medium,family,frugal
U046,30,10527.268,36069.34,315818.04,9377.522036824379,0.4,0.4,0.13333333333333333,4,0.03333333333333333,bills,9,0.7,wallet,266.15109324754724,3,0.3,135.6007674940783,160.82312896714274,0.0,0.1,medium_high,working,frugal
U047,24,8444.5325,19843.75,202668.78,5271.565978542231,0.2916666666666667,0.25,0.4166666666666667,10,0.041666666666666664,shopping,6,0.7916666666666666,wallet,345.81764245757023,3,0.375,42.25317879261072,39.800425741982345,0.0,0.0,medium_high,working,balanced
U048,25,5241.626399999999,39854.1,131040.65999999999,8341.057501401765,0.08,0.4,0.08,2,0.04,entertainment,7,0.68,UPI,404.55831780211133,3,0.28,134.0299851363184,136.8873075411161,0.0,0.0,low,student,frugal
U049,35,3002.7554285714277,14977.76,105096.43999999997,2550.366574686566,0.02857142857142857,0.3142857142857143,0.08571428571428572,3,0.02857142857142857,entertainment,8,0.8285714285714286,wallet,287.46873165374217,3,0.5142857142857142,50.37137065027712,52.37944040999103,0.05714285714285714,0.02857142857142857,low,student,digital_addict
U050,81,3615.18074074074,55764.15,292829.63999999996,6278.811447757804,0.04938271604938271,0.3333333333333333,0.09876543209876543,8,0.037037037037037035,food,7,0.7901234567901234,wallet,378.22292121529534,3,0.4444444444444444,75.69829828951686,77.45397973705121,0.037037037037037035,0.012345679012345678,low,student,luxury
U051,38,2974.2884210526317,12289.44,113022.96,2806.7561742209045,0.02631578947368421,0.23684210526315788,0.05263157894736842,2,0.02631578947368421,entertainment,8,0.8421052631578947,card,268.9528794305741,3,0.4473684210526316,37.16774796470386,41.988120546294994,0.02631578947368421,0.0,low,student,impulsive
U052,32,7821.450000000001,71015.68,250286.40000000002,11962.842925729276,0.09375,0.21875,0.125,4,0.0625,health,8,0.90625,wallet,357.40583839947124,3,0.46875,60.83237770335372,73.13292089357088,0.03125,0.0625,medium,family,luxury
U053,35,4380.412,9835.29,153314.42,2719.5435960672867,0.0,0.3142857142857143,0.14285714285714285,5,0.0,health,7,0.9428571428571428,wallet,369.66503191595893,3,0.2571428571428571,52.39419347706183,44.67916233239987,0.0,0.14285714285714285,medium,family,balanced
U054,15,16588.831333333335,105603.0,248832.47000000003,25482.945243947222,0.6,0.26666666666666666,0.0,0,0.0,shopping,6,0.6666666666666666,UPI,400.8180023927268,3,1.0666666666666667,18.01854459467659,12.990375167834136,0.13333333333333333,0.0,medium_high,working,impulsive
U055,16,3611.068125,10035.68,57777.09,3080.84272805828,0.0625,0.3125,0.0,0,0.0,groceries,6,0.8125,card,339.7948794609597,3,0.8125,52.66870786901302,40.1319017845373,0.0625,0.125,medium,family,luxury
U056,32,6052.7775,121684.51,193688.88,21138.88619599922,0.03125,0.3125,0.21875,7,0.09375,shopping,7,0.90625,wallet,259.17353368522436,3,0.71875,33.188689837970394,40.24671389985687,0.09375,0.0625,low,student,impulsive
U057,50,3054.586,28742.24,152729.3,4389.070682463105,0.04,0.4,0.08,4,0.02,food,8,0.82,card,339.8451682752535,3,0.38,66.12448786703087,61.425867153046056,0.02,0.0,low,student,digital_addict
U058,14,3633.8564285714283,6286.79,50873.99,2433.0813216122824,0.0,0.35714285714285715,0.0,0,0.0,health,6,0.7857142857142857,UPI,309.3763766070389,3,0.5,68.09297055077995,69.00836844675496,0.0,0.14285714285714285,medium,family,frugal
U059,16,5855.915,10879.96,93694.64,3513.8473216196135,0.125,0.3125,0.125,2,0.0625,food,5,0.8125,wallet,427.153258951024,3,0.375,150.00066991262278,210.49716109185985,0.0625,0.0,medium_high,working,frugal
U060,58,6752.973620689655,50157.48,391672.47,8383.729782547107,0.1724137931034483,0.3275862068965517,0.10344827586206896,6,0.05172413793103448,shopping,9,0.8275862068965517,card,354.38713136328033,3,0.4482758620689655,59.778023229941965,52.45131466233963,0.06896551724137931,0.06896551724137931,medium_high,working,luxury
U061,43,6759.016976744187,41705.25,290637.73000000004,7321.536958165513,0.16279069767441862,0.3488372093023256,0.20930232558139536,9,0.09302325581395349,bills,8,0.813953488372093,UPI,365.7339149704892,3,0.3023255813953488,66.99675700972013,67.13673994592446,0.023255813953488372,0.11627906976744186,medium,family,digital_addict
U062,82,3584.837682926829,64696.05,293956.69,7912.304750191592,0.024390243902439025,0.23170731707317074,0.13414634146341464,11,0.036585365853658534,shopping,8,0.8414634146341463,card,329.48089804811065,3,0.43902439024390244,63.48595056498862,61.42459498123779,0.036585365853658534,0.012195121951219513,low,student,luxury
U063,56,6384.678392857143,59137.84,357541.99,10814.096124240934,0.16071428571428573,0.30357142857142855,0.19642857142857142,11,0.07142857142857142,entertainment,10,0.9464285714285714,card,308.1229933987891,3,0.42857142857142855,127.1320941214618,105.28476368721766,0.03571428571428571,0.07142857142857142,low,student,frugal
U064,18,7202.0472222222215,15776.4,129636.84999999999,5003.613162638288,0.3333333333333333,0.3333333333333333,0.1111111111111111,2,0.0,shopping,7,0.7777777777777778,wallet,319.02297686307566,3,0.2777777777777778,93.92533935332631,89.22101356491311,0.05555555555555555,0.0,medium_high,working,luxury
U065,19,6527.54052631579,31357.17,124023.27,8890.875006965458,0.10526315789473684,0.21052631578947367,0.0,0,0.0,health,6,0.7894736842105263,card,363.5351452980907,3,0.2631578947368421,156.05263163619745,161.672384907259,0.0,0.0,medium,family,frugal
U066,47,7596.326382978723,46687.11,357027.33999999997,8852.021231731158,0.19148936170212766,0.3404255319148936,0.0425531914893617,2,0.0,shopping,9,0.8297872340425532,wallet,349.66416682087845,3,0.3829787234042553,143.84180735474337,177.03785993194347,0.0,0.0851063829787234,medium,family,frugal
U067,54,5146.104814814816,54207.34,277889.66000000003,9474.956740047355,0.09259259259259259,0.1111111111111111,0.16666666666666666,9,0.0,shopping,6,0.7592592592592593,wallet,327.45822136529927,3,0.42592592592592593,65.60485572515277,61.40605636416541,0.037037037037037035,0.018518518518518517,low,student,balanced
U068,24,12434.5,106193.67,298428.0,22814.298385558657,0.25,0.25,0.041666666666666664,1,0.041666666666666664,food,5,0.875,UPI,325.1617727306167,3,0.7083333333333334,71.66500231526842,71.71862066094606,0.041666666666666664,0.0,medium_high,working,balanced
U069,67,9266.414328358207,162628.6,620849.7599999999,21229.159218472272,0.11940298507462686,0.31343283582089554,0.05970149253731343,4,0.029850746268656716,bills,9,0.8059701492537313,wallet,365.01735867423787,3,0.6119402985074627,66.32800866175094,68.21409468950603,0.029850746268656716,0.05970149253731343,medium_high,working,luxury
U070,55,13351.456545454545,247283.22,734330.11,34587.47164222828,0.2909090909090909,0.2727272727272727,0.16363636363636364,9,0.07272727272727272,bills,9,0.8,UPI,332.690792717737,3,0.45454545454545453,65.32695319722939,58.40782532149977,0.03636363636363636,0.07272727272727272,medium_high,working,digital_addict
U071,33,3944.1112121212122,44932.01,130155.67,7745.810269888149,0.06060606060606061,0.30303030303030304,0.06060606060606061,2,0.030303030303030304,recharge,6,0.8181818181818182,card,341.0035095952585,3,0.24242424242424243,110.96292624110711,183.4063517246739,0.0,0.06060606060606061,low,student,frugal
U072,54,3012.0251851851854,43977.73,162649.36000000002,5832.49892122231,0.018518518518518517,0.42592592592592593,0.05555555555555555,3,0.037037037037037035,food,10,0.8703703703703703,UPI,313.9671489994103,3,0.2222222222222222,48.831510071368285,43.83398658220206,0.018518518518518517,0.037037037037037035,low,student,balanced
U073,35,14884.156857142856,99325.86,520945.49,24394.895762906293,0.2857142857142857,0.2857142857142857,0.08571428571428572,3,0.05714285714285714,travel,6,0.7714285714285715,card,380.8845100912878,3,0.2571428571428571,70.800752750591,78.18753551952963,0.02857142857142857,0.02857142857142857,medium_high,working,balanced
U074,54,4369.405000000001,43205.11,235947.87000000002,7801.577168832475,0.09259259259259259,0.25925925925925924,0.14814814814814814,8,0.037037037037037035,food,9,0.8518518518518519,wallet,300.1116088178804,3,0.4444444444444444,61.331305368457244,79.80528947083819,0.037037037037037035,0.018518518518518517,low,student,balanced
U075,63,16699.150634920632,181264.22,1052046.4899999998,27457.461280969543,0.4603174603174603,0.36507936507936506,0.1111111111111111,7,0.047619047619047616,bills,9,0.746031746031746,wallet,312.4233620526066,3,0.42857142857142855,33.33962745788614,32.437255790469095,0.015873015873015872,0.1111111111111111,medium_high,working,impulsive
U076,43,9173.811860465117,30257.93,394473.91000000003,6403.7883938944615,0.4186046511627907,0.4186046511627907,0.16279069767441862,7,0.046511627906976744,travel,8,0.8372093023255814,wallet,365.63266495086987,3,0.627906976744186,40.59464698499415,52.66506866736494,0.06976744186046512,0.13953488372093023,medium_high,working,impulsive
U077,14,9733.596428571429,72678.24,136270.35,18367.10523077502,0.07142857142857142,0.2857142857142857,0.2857142857142857,4,0.14285714285714285,groceries,5,0.7857142857142857,UPI,291.3518057705113,3,0.7857142857142857,40.512079914965405,50.081258931206754,0.14285714285714285,0.14285714285714285,medium,family,digital_addict
U078,62,17543.936451612906,139981.24,1087724.0600000003,32286.546493811667,0.3225806451612903,0.3709677419354839,0.06451612903225806,4,0.0,food,8,0.8709677419354839,wallet,313.89750666947106,3,0.3548387096774194,55.233617845789716,54.448928457979534,0.016129032258064516,0.06451612903225806,medium_high,working,balanced
U079,36,5069.482222222223,36563.04,182501.36000000002,8074.816885111075,0.08333333333333333,0.25,0.1388888888888889,5,0.08333333333333333,food,8,0.9166666666666666,wallet,264.77472115501155,3,0.25,79.4939691799189,80.14480398689939,0.0,0.027777777777777776,low,student,digital_addict
U080,35,6341.316000000001,53107.29,221946.06000000003,9993.164059351715,0.11428571428571428,0.17142857142857143,0.14285714285714285,5,0.0,shopping,8,0.8571428571428571,UPI,375.53100280916175,3,0.22857142857142856,30.628444386835593,39.81434110425708,0.0,0.0,low,student,impulsive
U081,29,6087.088275862069,17909.71,176525.56,4404.227882351123,0.20689655172413793,0.3103448275862069,0.2413793103448276,7,0.0,shopping,7,0.7931034482758621,card,309.5792664060773,3,0.5517241379310345,54.1261935070517,35.214483839912596,0.034482758620689655,0.13793103448275862,medium_high,working,digital_addict
U082,49,6441.828163265305,60900.15,315649.57999999996,8707.909076890885,0.10204081632653061,0.2653061224489796,0.1836734693877551,9,0.04081632653061224,shopping,8,0.9387755102040817,wallet,337.69711916299127,3,0.46938775510204084,66.7504678520396,54.16921128790122,0.02040816326530612,0.10204081632653061,medium,family,balanced
U083,87,3029.7504597701145,88631.37,263588.29,9554.24535384297,0.022988505747126436,0.21839080459770116,0.034482758620689655,3,0.022988505747126436,food,10,0.7471264367816092,UPI,367.2836965039222,3,0.42528735632183906,50.80015259154624,41.40549603628026,0.034482758620689655,0.011494252873563218,low,student,balanced
U084,35,5360.977428571429,30598.19,187634.21000000002,5402.068630605558,0.05714285714285714,0.3142857142857143,0.2,7,0.05714285714285714,bills,9,0.8857142857142857,UPI,270.7176539332691,3,0.4857142857142857,40.28391320631935,41.68022511748957,0.02857142857142857,0.2857142857142857,medium,family,balanced
U085,27,8162.987037037037,63979.81,220400.65,11845.64154956478,0.1111111111111111,0.3333333333333333,0.037037037037037035,1,0.0,health,7,0.9259259259259259,UPI,301.2513583612994,3,0.4444444444444444,62.50538475997957,47.043345116954015,0.037037037037037035,0.1111111111111111,medium,family,balanced
U086,45,4226.2875555555565,27480.42,190182.94000000003,6256.718103425874,0.08888888888888889,0.17777777777777778,0.13333333333333333,6,0.022222222222222223,entertainment,8,0.8444444444444444,UPI,412.29853326507015,3,0.37777777777777777,72.25517385379872,93.89777960290644,0.022222222222222223,0.022222222222222223,low,student,digital_addict
U087,42,9876.52761904762,153084.6,414814.16000000003,25064.34835923005,0.07142857142857142,0.3333333333333333,0.16666666666666666,7,0.07142857142857142,bills,8,0.8809523809523809,UPI,362.4738973154671,3,0.5714285714285714,49.853565330969786,42.97216771095267,0.047619047619047616,0.09523809523809523,medium,family,digital_addict
U088,28,8302.844285714287,100345.83,232479.64000000004,19073.828614501046,0.14285714285714285,0.39285714285714285,0.14285714285714285,4,0.07142857142857142,recharge,5,0.7857142857142857,card,431.9318607825047,3,0.75,28.135152287411987,31.1200747415736,0.07142857142857142,0.0,low,student,impulsive
U089,74,5311.91027027027,120826.23,393081.36,14800.620572829746,0.06756756756756757,0.35135135135135137,0.13513513513513514,10,0.06756756756756757,shopping,9,0.8243243243243243,card,298.0036715997067,3,0.527027027027027,39.199892178437196,54.84039605366744,0.04054054054054054,0.013513513513513514,low,student,impulsive
U090,33,3791.7875757575757,45074.14,125128.99,7629.944810841946,0.030303030303030304,0.30303030303030304,0.030303030303030304,1,0.0,shopping,7,0.7575757575757576,card,491.474291251499,3,0.36363636363636365,134.53827055530752,168.18047040528793,0.030303030303030304,0.030303030303030304,low,student,frugal
U091,23,10651.44086956522,99165.57,244983.14000000004,20893.370533706035,0.17391304347826086,0.13043478260869565,0.08695652173913043,2,0.0,groceries,6,0.9565217391304348,card,376.82386621888327,3,0.30434782608695654,165.50712398961082,159.43679624919676,0.0,0.08695652173913043,medium,family,frugal
U092,46,7648.936304347828,49895.58,351851.07000000007,8600.719495860889,0.15217391304347827,0.391304347826087,0.13043478260869565,6,0.08695652173913043,groceries,7,0.7608695652173914,UPI,363.1875399167147,3,0.7608695652173914,32.69166174715514,39.751028251900166,0.043478260869565216,0.021739130434782608,medium,family,impulsive
U093,51,3460.824117647059,56035.59,176502.03000000003,7936.467176282448,0.0392156862745098,0.43137254901960786,0.0784313725490196,4,0.0392156862745098,recharge,7,0.803921568627451,wallet,429.94845598444067,3,0.6470588235294118,59.14345033594999,58.1785569567218,0.0392156862745098,0.0,low,student,balanced
U094,25,2335.862,5954.94,58396.55,1743.9431212843497,0.0,0.24,0.08,2,0.04,entertainment,8,0.96,wallet,331.9310472191059,3,0.48,65.407090028254,47.54377269572573,0.0,0.08,low,student,luxury
U095,50,6845.047599999999,32083.2,342252.37999999995,5333.269436954532,0.16,0.24,0.18,9,0.06,bills,10,0.88,UPI,379.4926311312967,3,0.74,35.946740105508965,33.37259174588507,0.06,0.08,medium,family,impulsive
U096,43,9623.022093023255,106869.54,413789.95,17899.886093277713,0.11627906976744186,0.3023255813953488,0.13953488372093023,6,0.046511627906976744,groceries,9,0.6976744186046512,UPI,333.81589974785453,3,0.3488372093023256,51.40903165545067,47.735424350007314,0.023255813953488372,0.046511627906976744,medium,family,digital_addict
U097,19,5077.973684210527,14571.84,96481.5,4280.035887497791,0.15789473684210525,0.42105263157894735,0.05263157894736842,1,0.0,travel,6,0.8421052631578947,UPI,261.2702992361212,3,0.9473684210526315,95.9440160481411,73.96384759269088,0.10526315789473684,0.05263157894736842,medium_high,working,frugal
U098,54,3473.1161111111114,39774.1,187548.27000000002,6219.591901213399,0.037037037037037035,0.16666666666666666,0.05555555555555555,3,0.018518518518518517,food,8,0.7962962962962963,card,310.5052511527706,3,0.3888888888888889,40.263112796417275,40.96539628312373,0.037037037037037035,0.0,low,student,impulsive
U099,42,8699.667142857143,109094.24,365386.02,16296.200043086103,0.11904761904761904,0.21428571428571427,0.16666666666666666,7,0.09523809523809523,bills,8,0.9047619047619048,UPI,327.6514245955094,3,0.21428571428571427,68.38618372272897,66.92673302253598,0.0,0.16666666666666666,medium,family,digital_addict
U100,14,7157.465714285713,52284.96,100204.51999999999,13327.762456344053,0.07142857142857142,0.42857142857142855,0.07142857142857142,1,0.07142857142857142,health,5,0.6428571428571429,card,344.00420756980503,3,0.07142857142857142,101.74226868105175,83.3915763934773,0.0,0.14285714285714285,medium,family,balanced
U101,86,4732.25476744186,50436.7,406973.91,8123.23619427869,0.09302325581395349,0.2558139534883721,0.1744186046511628,15,0.046511627906976744,entertainment,10,0.8953488372093024,UPI,327.5689644691305,3,0.4418604651162791,29.820881226624504,26.899346370649862,0.023255813953488372,0.023255813953488372,low,student,impulsive
U102,32,9264.311875,43035.93,296457.98,9003.485245174437,0.375,0.3125,0.0625,2,0.03125,food,8,0.90625,card,355.3491956987841,3,0.1875,95.88464032779375,92.08160326938187,0.0,0.03125,medium_high,working,frugal
U103,34,14608.616764705881,81331.08,496692.97,16110.47161461907,0.47058823529411764,0.23529411764705882,0.08823529411764706,3,0.0,shopping,7,0.7352941176470589,UPI,324.28836544890316,3,0.35294117647058826,159.58259961512292,182.6522950290387,0.029411764705882353,0.14705882352941177,medium_high,working,frugal
U104,33,12152.940606060607,131098.73,401047.04000000004,23424.120202923037,0.21212121212121213,0.15151515151515152,0.15151515151515152,5,0.06060606060606061,bills,8,0.8787878787878788,card,322.7828275317853,3,0.5151515151515151,31.706746287066174,45.990581612408555,0.030303030303030304,0.12121212121212122,medium,family,impulsive
U105,19,5188.725789473684,12840.56,98585.79,3462.3080054516554,0.05263157894736842,0.3684210526315789,0.10526315789473684,2,0.05263157894736842,groceries,5,0.9473684210526315,UPI,244.64440977456894,3,0.15789473684210525,45.82113428777189,46.024580183566876,0.0,0.0,medium,family,luxury
U106,55,2932.889999999999,15000.67,161308.94999999995,3076.5318262398437,0.05454545454545454,0.2545454545454545,0.09090909090909091,5,0.01818181818181818,entertainment,7,0.8363636363636363,wallet,288.2244812065973,3,0.45454545454545453,124.77979705431628,127.39372019764497,0.03636363636363636,0.01818181818181818,low,student,frugal
U107,12,16782.519166666665,70266.69,201390.22999999998,22700.91123360088,0.25,0.08333333333333333,0.16666666666666666,2,0.0,health,5,0.8333333333333334,card,310.51937804509714,3,0.5833333333333334,38.6686287099051,38.941382580755054,0.08333333333333333,0.08333333333333333,medium,family,balanced
U108,26,7407.4869230769245,17206.66,192594.66000000003,4427.414255650147,0.2692307692307692,0.38461538461538464,0.23076923076923078,6,0.11538461538461539,shopping,6,0.8076923076923077,card,332.873084198544,3,0.15384615384615385,98.46159082633906,96.94664568828031,0.0,0.11538461538461539,medium_high,working,digital_addict
U109,20,19420.2715,241305.32,388405.43,52445.89442643505,0.45,0.3,0.1,2,0.0,bills,4,0.85,wallet,345.2673755741788,3,0.5,48.03005695232405,54.14507209925321,0.05,0.15,medium_high,working,balanced
U110,82,4735.278170731709,104049.12,388292.8100000001,12097.503079058197,0.07317073170731707,0.2804878048780488,0.0975609756097561,8,0.036585365853658534,entertainment,9,0.7682926829268293,wallet,297.3264327012365,3,0.4146341463414634,32.88084996058057,32.872497899407676,0.024390243902439025,0.04878048780487805,low,student,impulsive
U111,16,4668.905624999999,24459.2,74702.48999999999,5789.606551873186,0.0625,0.25,0.0625,1,0.0,health,8,1.0,wallet,349.8254081709615,3,0.4375,160.9719955490885,170.46229513966085,0.0,0.125,medium,family,frugal
U112,24,36266.81208333333,588054.46,870403.49,121012.87754026391,0.3333333333333333,0.16666666666666666,0.0,0,0.0,bills,6,0.9166666666666666,UPI,289.89263446531635,3,0.375,82.11064441295007,93.6126491898295,0.0,0.20833333333333334,medium,family,luxury
U113,34,8739.669117647058,127737.68,297148.74999999994,21260.878574534476,0.058823529411764705,0.23529411764705882,0.14705882352941177,5,0.029411764705882353,shopping,7,0.8823529411764706,card,294.13171771333737,3,0.6176470588235294,61.6736243065498,64.86274721739707,0.029411764705882353,0.20588235294117646,medium,family,balanced
U114,79,2201.0775949367085,17316.72,173885.12999999998,2150.110247275477,0.012658227848101266,0.3037974683544304,0.11392405063291139,9,0.0379746835443038,shopping,10,0.8481012658227848,UPI,303.27195246854967,3,0.4177215189873418,51.871680502694666,51.43369095842673,0.012658227848101266,0.012658227848101266,low,student,balanced
U115,45,3650.9882222222227,63210.25,164294.47000000003,9177.717800838043,0.022222222222222223,0.26666666666666666,0.13333333333333333,6,0.022222222222222223,food,8,0.8444444444444444,wallet,364.112221937692,3,0.2222222222222222,47.88020244348979,54.97202744380291,0.0,0.13333333333333333,low,student,luxury
U116,66,8092.5801515151525,136192.81,534110.29,16654.302583001878,0.12121212121212122,0.30303030303030304,0.06060606060606061,4,0.015151515151515152,travel,10,0.8787878787878788,UPI,341.68094692409255,3,0.3939393939393939,61.293586434495175,56.881928023815505,0.030303030303030304,0.09090909090909091,medium_high,working,balanced
U117,20,16124.769499999999,107011.61,322495.38999999996,23556.694584122943,0.45,0.1,0.0,0,0.0,bills,7,0.9,UPI,214.25191053851708,3,0.35,118.0310998498937,94.91599768786355,0.05,0.15,medium_high,working,frugal
U118,26,3963.541538461538,38390.64,103052.07999999999,7276.91541834736,0.038461538461538464,0.23076923076923078,0.038461538461538464,1,0.0,food,7,0.8846153846153846,UPI,420.5658220788133,3,0.34615384615384615,61.76697714714774,61.273959186586616,0.0,0.0,low,student,balanced
U119,42,8914.113333333333,64330.4,374392.76,11083.088827307074,0.23809523809523808,0.2619047619047619,0.11904761904761904,5,0.047619047619047616,shopping,7,0.8333333333333334,UPI,393.335080135763,3,0.3333333333333333,35.34678721003958,42.48610601566867,0.023809523809523808,0.14285714285714285,medium_high,working,impulsive
U120,36,9539.625833333335,216885.42,343426.5300000001,36012.084551064596,0.1111111111111111,0.3333333333333333,0.05555555555555555,2,0.027777777777777776,recharge,9,0.8055555555555556,wallet,394.54386487666704,3,0.2777777777777778,122.02972299831006,121.82390144792625,0.0,0.05555555555555555,low,student,frugal
U121,31,19201.562258064514,251207.0,595248.4299999999,44989.07065271147,0.25806451612903225,0.25806451612903225,0.03225806451612903,1,0.03225806451612903,travel,5,0.8387096774193549,UPI,275.8638404136992,3,0.2903225806451613,23.637766425573542,24.325650768394564,0.0,0.0967741935483871,medium_high,working,impulsive
U122,39,18583.726923076927,363340.9,724765.3500000001,57296.490648434105,0.4358974358974359,0.28205128205128205,0.20512820512820512,8,0.02564102564102564,travel,6,0.8717948717948718,card,335.18544528116024,3,0.5384615384615384,44.65459058739815,48.403298563797264,0.02564102564102564,0.05128205128205128,medium_high,working,impulsive
U123,40,7861.59875,59931.13,314463.95,9927.250396209516,0.175,0.375,0.05,2,0.0,food,8,0.875,wallet,317.32191249432293,3,0.525,52.1383786858529,62.26571391108774,0.05,0.075,medium_high,working,digital_addict
U124,40,2884.9922500000002,16442.62,115399.69,3024.4370206951276,0.05,0.35,0.125,5,0.0,food,8,0.7,wallet,398.6109849275614,3,0.3,37.32808727391284,34.06675219890903,0.0,0.0,low,student,impulsive
U125,67,3894.6565671641793,41436.8,260941.99000000002,6112.078501301449,0.1044776119402985,0.3283582089552239,0.08955223880597014,6,0.029850746268656716,recharge,10,0.8805970149253731,card,282.7660029152044,3,0.47761194029850745,166.28305366023926,231.61965125549006,0.014925373134328358,0.014925373134328358,low,student,frugal
U126,61,20658.336885245903,353289.86,1260158.55,51470.88514815265,0.45901639344262296,0.2786885245901639,0.18032786885245902,11,0.03278688524590164,shopping,8,0.8032786885245902,UPI,366.7512874758544,3,0.3114754098360656,27.837206755672423,28.676381793640527,0.0,0.01639344262295082,medium_high,working,impulsive
U127,39,12365.973333333332,215247.22,482272.95999999996,34487.79534199837,0.1794871794871795,0.20512820512820512,0.05128205128205128,2,0.0,groceries,8,0.8205128205128205,wallet,307.3422184821156,3,0.28205128205128205,125.09295112298892,109.78438308158405,0.0,0.1282051282051282,medium,family,frugal
U128,42,12473.40738095238,113117.18,523883.11,21695.437041047677,0.30952380952380953,0.40476190476190477,0.11904761904761904,5,0.07142857142857142,health,8,0.8571428571428571,wallet,349.20034282014603,3,0.5,58.39947125294949,56.922830673547146,0.047619047619047616,0.07142857142857142,medium,family,balanced
U129,27,3007.1059259259264,17231.08,81191.86000000002,4257.081920485565,0.07407407407407407,0.37037037037037035,0.2222222222222222,6,0.07407407407407407,recharge,6,0.7407407407407407,UPI,309.4769622584983,3,0.2222222222222222,49.68267846367141,52.1948604950706,0.0,0.0,low,student,digital_addict
U130,21,8200.847619047618,81285.4,172217.8,17165.862633399145,0.09523809523809523,0.23809523809523808,0.09523809523809523,2,0.0,health,7,1.0,UPI,316.1613839076613,3,0.23809523809523808,66.98323882851142,93.83094919988304,0.0,0.047619047619047616,medium,family,balanced
U131,32,5526.4434375,59234.56,176846.19,10329.593659388609,0.09375,0.34375,0.3125,10,0.21875,shopping,5,0.71875,card,369.2299662283508,3,0.5,35.922880199491416,34.41188712416494,0.03125,0.03125,low,student,impulsive
U132,44,15908.561818181815,136758.99,699976.7199999999,29353.269546529405,0.25,0.2727272727272727,0.045454545454545456,2,0.022727272727272728,health,9,0.8863636363636364,card,317.2366638131467,3,0.2727272727272727,145.45974111634084,272.10530322869863,0.0,0.045454545454545456,medium,family,frugal
U133,19,21036.230526315787,213516.49,399688.37999999995,48746.497198368175,0.3157894736842105,0.42105263157894735,0.10526315789473684,2,0.0,bills,6,0.8947368421052632,card,276.9346167773009,3,0.3157894736842105,54.907719438024266,50.47178921728236,0.0,0.21052631578947367,medium_high,working,digital_addict
U134,29,9106.452068965516,77618.3,264087.11,13858.359989126311,0.2413793103448276,0.2413793103448276,0.1724137931034483,5,0.0,food,7,0.7931034482758621,UPI,282.54873245789474,3,0.4827586206896552,44.509628189840114,40.397638219604985,0.034482758620689655,0.06896551724137931,medium_high,working,luxury
U135,20,13267.1,129223.8,265342.0,27606.29693684167,0.35,0.2,0.05,1,0.0,shopping,6,0.9,card,291.35270060815594,3,0.65,54.403726334487146,55.44744538781047,0.05,0.1,medium,family,balanced
U136,16,11292.560625,71188.08,180680.97,17362.2549092528,0.3125,0.1875,0.125,2,0.0,groceries,5,0.875,card,356.94563546370995,3,0.5625,33.96073464750907,28.943607240229074,0.0,0.125,medium,family,balanced
U137,52,10330.116346153847,113180.44,537166.05,15425.337805932213,0.4230769230769231,0.21153846153846154,0.07692307692307693,4,0.0,bills,9,0.8653846153846154,wallet,342.5314508912025,3,0.5769230769230769,54.178621783340795,51.49534083103891,0.057692307692307696,0.17307692307692307,medium_high,working,luxury
U138,36,4294.649722222223,45201.13,154607.39000000004,7407.418185787034,0.05555555555555555,0.4444444444444444,0.08333333333333333,3,0.027777777777777776,food,8,0.8888888888888888,card,287.013869229469,3,0.5555555555555556,29.549210247323305,27.4793866922049,0.05555555555555555,0.027777777777777776,low,student,impulsive
U139,34,8612.852352941178,111788.93,292836.98000000004,19198.360087300553,0.14705882352941177,0.29411764705882354,0.20588235294117646,7,0.058823529411764705,bills,7,0.7941176470588235,UPI,352.9509094085946,3,0.6176470588235294,48.08784456295835,66.7189156364414,0.058823529411764705,0.11764705882352941,medium,family,digital_addict
U140,31,8847.33193548387,55448.45,274267.29,9575.266075864218,0.2903225806451613,0.3225806451612903,0.16129032258064516,5,0.03225806451612903,shopping,8,0.7741935483870968,UPI,362.6349908073521,3,0.1935483870967742,64.20213730038324,66.10086963440368,0.0,0.0967741935483871,medium_high,working,luxury
U141,84,2853.078452380952,27388.25,239658.58999999997,3837.837541148267,0.023809523809523808,0.21428571428571427,0.20238095238095238,17,0.023809523809523808,food,9,0.8095238095238095,card,345.7411403659289,3,0.35714285714285715,65.5873064352432,69.44963609409633,0.023809523809523808,0.023809523809523808,low,student,digital_addict
U142,15,11776.147333333332,87438.0,176642.21,21451.36561454787,0.26666666666666666,0.5333333333333333,0.06666666666666667,1,0.0,bills,5,0.8666666666666667,wallet,287.78100663977744,3,0.8666666666666667,52.07117693972115,51.12554745650035,0.06666666666666667,0.06666666666666667,medium,family,balanced
U143,60,8274.461833333331,50247.27,496467.7099999999,7548.002922573714,0.25,0.26666666666666666,0.15,9,0.03333333333333333,travel,10,0.9166666666666666,card,299.0770567599483,3,0.3,61.32624364278318,54.79665109332729,0.0,0.13333333333333333,medium_high,working,digital_addict
U144,18,11415.476111111111,102193.6,205478.57,23009.161728566283,0.2222222222222222,0.5555555555555556,0.05555555555555555,1,0.0,shopping,5,0.9444444444444444,card,262.0614840949026,3,0.2777777777777778,24.831412918244283,29.086416856833747,0.0,0.1111111111111111,medium,family,impulsive
U145,37,6082.489999999999,28226.21,225052.12999999995,5819.501912264485,0.13513513513513514,0.21621621621621623,0.08108108108108109,3,0.02702702702702703,groceries,9,0.8378378378378378,UPI,304.0752479703313,3,0.32432432432432434,39.74311029683158,42.7556562012438,0.0,0.05405405405405406,medium,family,impulsive
U146,77,4639.71012987013,90554.85,357257.68,10325.395634161649,0.06493506493506493,0.33766233766233766,0.07792207792207792,6,0.05194805194805195,food,10,0.8961038961038961,UPI,291.9963569306062,3,0.2857142857142857,157.06031451065758,202.41864007505717,0.012987012987012988,0.0,low,student,frugal
U147,23,8800.704347826086,120882.37,202416.19999999998,24546.35484291281,0.043478260869565216,0.17391304347826086,0.043478260869565216,1,0.0,shopping,4,0.6521739130434783,UPI,350.17648804215565,3,0.21739130434782608,102.15717268232275,85.64041851064972,0.0,0.043478260869565216,medium,family,frugal
U148,11,4980.526363636363,12770.63,54785.78999999999,4033.560607107008,0.18181818181818182,0.2727272727272727,0.09090909090909091,1,0.0,health,5,0.8181818181818182,card,369.27378869174413,3,0.2727272727272727,43.223582597905256,25.299376967214037,0.0,0.18181818181818182,medium,family,digital_addict
U149,24,4729.134999999999,12278.42,113499.23999999999,3161.450523764162,0.041666666666666664,0.20833333333333334,0.125,3,0.08333333333333333,travel,5,0.8333333333333334,wallet,354.11446814650816,3,0.25,76.18820408308842,61.780358837681526,0.0,0.08333333333333333,medium_high,working,luxury
U150,46,2788.8606521739134,27859.46,128287.59000000001,4276.899127484461,0.043478260869565216,0.2826086956521739,0.1956521739130435,9,0.021739130434782608,entertainment,8,0.8695652173913043,card,295.4498028199282,3,0.5434782608695652,51.373983473879484,51.6068136615439,0.043478260869565216,0.0,low,student,luxury
U151,22,6098.453181818182,26306.56,134165.97,5749.742761355161,0.13636363636363635,0.36363636363636365,0.045454545454545456,1,0.045454545454545456,food,8,0.9545454545454546,wallet,313.53458201234474,3,0.3181818181818182,117.53462948422398,102.41185967864769,0.0,0.0,medium_high,working,frugal
U152,59,3336.9681355932203,43408.68,196881.12,5544.632250511168,0.01694915254237288,0.3728813559322034,0.1694915254237288,10,0.03389830508474576,food,7,0.8813559322033898,card,367.6161745250727,3,0.288135593220339,55.194904797231445,51.33983482627287,0.01694915254237288,0.01694915254237288,low,student,luxury
U153,44,5674.115454545455,13679.23,249661.08,3323.116255923573,0.06818181818181818,0.36363636363636365,0.18181818181818182,8,0.13636363636363635,groceries,8,0.8636363636363636,UPI,329.5097781746424,3,0.13636363636363635,51.50308934408744,50.258908198792305,0.0,0.13636363636363635,medium,family,digital_addict
U154,10,5643.743,10207.07,56437.43,2849.048114207231,0.1,0.2,0.0,0,0.0,bills,3,0.8,card,343.7337184922538,3,0.5,18.359000870891617,16.756737777438413,0.0,0.2,medium,family,impulsive
U155,52,7931.268846153847,28989.18,412425.98000000004,5498.772472523924,0.3269230769230769,0.23076923076923078,0.19230769230769232,10,0.057692307692307696,food,9,0.8846153846153846,card,410.6499198610257,3,0.21153846153846154,70.6086849525201,90.89506209170365,0.0,0.057692307692307696,medium_high,working,digital_addict
U156,32,8139.080625,33653.6,260450.58,6615.609895383522,0.34375,0.375,0.125,4,0.09375,groceries,8,0.875,card,428.8529316323977,3,0.53125,65.0594913674036,61.75263411782597,0.0625,0.03125,medium,family,luxury
U157,38,8312.933947368421,68342.56,315891.49,12396.608397126216,0.15789473684210525,0.2631578947368421,0.15789473684210525,6,0.05263157894736842,bills,8,0.8157894736842105,wallet,328.4527604553331,3,0.18421052631578946,57.12698444525182,58.65782471211471,0.0,0.07894736842105263,medium,family,luxury
U158,42,8319.114285714288,69767.4,349402.80000000005,14858.472800603824,0.14285714285714285,0.30952380952380953,0.14285714285714285,6,0.07142857142857142,bills,9,0.8095238095238095,UPI,299.23360057651684,3,0.23809523809523808,65.8272760926203,72.50963039864223,0.0,0.14285714285714285,medium,family,luxury
U159,67,16881.92507462687,795985.8,1131088.9800000002,97277.61975813826,0.08955223880597014,0.3283582089552239,0.14925373134328357,10,0.05970149253731343,recharge,9,0.8208955223880597,UPI,335.4954847504698,3,0.5970149253731343,34.300944923820786,37.19079899252248,0.05970149253731343,0.0,low,student,impulsive
U160,38,5660.062105263159,18592.55,215082.36000000002,3962.1704833214276,0.15789473684210525,0.21052631578947367,0.13157894736842105,5,0.05263157894736842,health,10,0.8421052631578947,UPI,361.6273844120025,3,0.3684210526315789,46.10306432884831,53.86855733827965,0.02631578947368421,0.0,medium,family,luxury
U161,50,11863.581,113872.83,593179.05,21745.86640720092,0.22,0.26,0.22,11,0.02,shopping,7,0.88,card,340.27959768024397,3,0.44,74.93485308666732,77.80828065299085,0.04,0.08,medium_high,working,luxury
U162,82,4537.483048780488,46155.18,372073.61000000004,7910.1435714442605,0.0975609756097561,0.3048780487804878,0.18292682926829268,15,0.036585365853658534,entertainment,10,0.8780487804878049,wallet,324.15365715209396,3,0.45121951219512196,29.012728947011542,28.57730007403267,0.024390243902439025,0.0,low,student,impulsive
U163,69,3732.6798550724634,32498.07,257554.90999999997,4579.596360580551,0.057971014492753624,0.36231884057971014,0.07246376811594203,5,0.0,food,10,0.8260869565217391,UPI,330.0083303747042,3,0.34782608695652173,75.37682494060589,85.67250075519173,0.028985507246376812,0.014492753623188406,low,student,balanced
U164,19,4130.182631578947,11089.49,78473.46999999999,3169.6047503992986,0.05263157894736842,0.2631578947368421,0.15789473684210525,3,0.0,bills,6,0.7368421052631579,wallet,247.36900132093896,3,0.5263157894736842,82.15578709286751,89.43350126860781,0.05263157894736842,0.10526315789473684,medium,family,balanced
U165,33,2460.680303030303,6358.89,81202.45,1577.7221762688544,0.0,0.3939393939393939,0.18181818181818182,6,0.09090909090909091,entertainment,7,0.7878787878787878,card,433.86035771502674,3,0.48484848484848486,61.87868715256139,58.340444431006254,0.030303030303030304,0.0,low,student,luxury
U166,40,17860.521249999998,165621.96,714420.85,34204.25779916244,0.275,0.375,0.225,9,0.1,shopping,8,0.875,UPI,350.14818532124343,3,0.425,50.413155510851695,45.79542624025373,0.025,0.075,medium,family,luxury
U167,82,4276.773170731707,86387.0,350695.39999999997,10949.180016117774,0.04878048780487805,0.2804878048780488,0.13414634146341464,11,0.06097560975609756,entertainment,8,0.8658536585365854,card,343.1804840802351,3,0.2682926829268293,59.6515610606714,57.62631070930322,0.0,0.04878048780487805,low,student,luxury
U168,17,8092.362352941177,28077.63,137570.16,8881.751565177425,0.23529411764705882,0.35294117647058826,0.058823529411764705,1,0.058823529411764705,health,6,0.8823529411764706,wallet,427.08739079424834,3,0.29411764705882354,133.6571299562825,119.64162627051913,0.0,0.058823529411764705,medium,family,frugal
U169,29,5072.075172413793,12627.77,147090.18,3217.171911742429,0.06896551724137931,0.4482758620689655,0.06896551724137931,2,0.034482758620689655,health,6,0.7586206896551724,card,281.1083493018517,3,0.06896551724137931,47.02697742362155,42.23818155514127,0.0,0.06896551724137931,medium,family,luxury
U170,31,10993.935483870968,74959.82,340812.0,14510.255155478106,0.2903225806451613,0.25806451612903225,0.1935483870967742,6,0.03225806451612903,bills,6,0.9032258064516129,UPI,319.6634185123534,3,0.3548387096774194,44.21927810583958,41.80587996134945,0.03225806451612903,0.1935483870967742,medium_high,working,impulsive
U171,54,9433.154814814816,75483.2,509390.36000000004,10638.268553448599,0.3888888888888889,0.24074074074074073,0.12962962962962962,7,0.018518518518518517,shopping,10,0.7592592592592593,wallet,379.29151755374113,3,0.48148148148148145,66.38735402408616,70.22173750847524,0.037037037037037035,0.1111111111111111,medium_high,working,digital_addict
U172,28,6067.880357142856,19306.99,169900.64999999997,4129.823296801398,0.14285714285714285,0.35714285714285715,0.17857142857142858,5,0.10714285714285714,groceries,8,0.8571428571428571,card,285.76228105524353,3,0.4642857142857143,70.25817174954935,74.11748049825391,0.03571428571428571,0.07142857142857142,medium,family,digital_addict
U173,27,7181.412592592592,23492.32,193898.13999999998,6328.17977939555,0.2962962962962963,0.3333333333333333,0.1111111111111111,3,0.037037037037037035,travel,7,0.8888888888888888,UPI,305.76480553703124,3,0.14814814814814814,75.692597877329,85.56614004202837,0.0,0.1111111111111111,medium_high,working,balanced
U174,62,6300.61322580645,144497.35,390638.0199999999,20751.83352620456,0.03225806451612903,0.27419354838709675,0.11290322580645161,7,0.016129032258064516,shopping,10,0.8387096774193549,UPI,406.5830822619997,3,0.6774193548387096,59.34476042220218,69.4506856328728,0.06451612903225806,0.016129032258064516,low,student,luxury
U175,23,6944.958695652174,36992.99,159734.05000000002,7410.200140892591,0.13043478260869565,0.34782608695652173,0.043478260869565216,1,0.0,groceries,6,0.9130434782608695,UPI,299.00701555279124,3,0.30434782608695654,47.48169722169374,44.39951729758613,0.0,0.0,medium,family,balanced
U176,34,3948.3176470588232,41987.28,134242.8,6860.317811042682,0.029411764705882353,0.2647058823529412,0.20588235294117646,7,0.058823529411764705,food,9,0.9117647058823529,card,268.276545402829,3,0.29411764705882354,56.47946991299294,45.6056648870341,0.0,0.058823529411764705,low,student,digital_addict
U177,43,7383.082790697673,11959.75,317472.55999999994,3414.669902345248,0.27906976744186046,0.3488372093023256,0.11627906976744186,5,0.09302325581395349,bills,8,0.8372093023255814,card,276.89567308647617,3,0.4186046511627907,78.86752680327317,82.02850659945425,0.023255813953488372,0.09302325581395349,medium_high,working,digital_addict
U178,86,4197.328488372093,42968.39,360970.25,7523.853901342053,0.10465116279069768,0.32558139534883723,0.06976744186046512,6,0.023255813953488372,recharge,10,0.813953488372093,UPI,331.55534290322197,3,0.36046511627906974,124.6267900749543,127.94105122676807,0.0,0.011627906976744186,low,student,frugal
U179,78,2682.5458974358976,22606.43,209238.58000000002,2687.920400125145,0.01282051282051282,0.23076923076923078,0.10256410256410256,8,0.0641025641025641,recharge,9,0.8461538461538461,card,312.5215411996951,3,0.3333333333333333,63.33452406952849,64.82399288424207,0.0,0.0,low,student,luxury
U180,65,19869.472615384613,278550.24,1291515.72,47868.03744519031,0.4,0.26153846153846155,0.16923076923076924,11,0.06153846153846154,travel,9,0.8,card,337.80710599143544,3,0.4307692307692308,26.156142598779944,28.903352025198178,0.015384615384615385,0.046153846153846156,medium_high,working,impulsive
U181,65,7381.467384615385,18932.57,479795.38,4996.781741567916,0.3230769230769231,0.26153846153846155,0.13846153846153847,9,0.03076923076923077,travel,10,0.8153846153846154,card,275.88925347480733,3,0.35384615384615387,44.21730431715663,43.95337276573724,0.03076923076923077,0.06153846153846154,medium_high,working,luxury
U182,24,10570.529583333333,43810.52,253692.71,12438.142047585263,0.3333333333333333,0.375,0.0,0,0.0,bills,8,0.875,wallet,328.1421456508222,3,0.20833333333333334,114.54863785219739,90.50714392759518,0.0,0.20833333333333334,medium_high,working,frugal
U183,35,4854.968571428572,12130.26,169923.90000000002,3173.0277257591265,0.11428571428571428,0.14285714285714285,0.11428571428571428,4,0.0,bills,7,0.8857142857142857,card,322.105738060553,3,0.6571428571428571,52.982741366603115,61.0245267179411,0.02857142857142857,0.08571428571428572,medium,family,digital_addict
U184,52,2667.0099999999998,14811.33,138684.52,2630.744938066917,0.038461538461538464,0.23076923076923078,0.1346153846153846,7,0.038461538461538464,recharge,8,0.8461538461538461,wallet,332.2483846625627,3,0.34615384615384615,110.00522941293728,116.78309512927918,0.019230769230769232,0.0,low,student,frugal
U185,11,12157.645454545454,58680.7,133734.1,16362.667167246518,0.2727272727272727,0.18181818181818182,0.09090909090909091,1,0.0,groceries,6,0.9090909090909091,UPI,343.55088310570176,3,0.2727272727272727,98.88908016668042,128.10652003912503,0.0,0.09090909090909091,medium,family,frugal
U186,61,2291.47262295082,11874.7,139779.83000000002,1868.0925172074158,0.01639344262295082,0.3770491803278688,0.03278688524590164,2,0.01639344262295082,food,10,0.9344262295081968,wallet,320.9930309229735,3,0.45901639344262296,62.12571193350599,67.72673456623149,0.03278688524590164,0.03278688524590164,low,student,balanced
U187,10,7411.389,20333.66,74113.89,6611.243496398894,0.2,0.4,0.2,2,0.1,entertainment,6,1.0,UPI,245.69071731849277,3,0.4,95.09144184531871,95.70518666010689,0.0,0.1,medium,family,balanced
U188,25,9657.8216,35480.74,241445.53999999998,10746.49654180479,0.32,0.2,0.04,1,0.0,bills,6,0.8,card,348.0906935785695,3,1.12,68.88906406495083,54.63719167371692,0.12,0.16,medium,family,frugal
U189,35,5652.812857142857,75830.39,197848.44999999998,13169.675750033299,0.05714285714285714,0.3142857142857143,0.17142857142857143,6,0.05714285714285714,shopping,7,0.8,card,505.5574461020576,3,0.42857142857142855,59.80681215812266,47.52888751034597,0.0,0.0,low,student,luxury
U190,45,11986.303777777774,164866.02,539383.6699999998,24954.294002044313,0.26666666666666666,0.28888888888888886,0.06666666666666667,3,0.022222222222222223,shopping,7,0.9111111111111111,UPI,308.5762426818155,3,0.6,52.41531077684347,46.058631369935654,0.044444444444444446,0.044444444444444446,medium_high,working,balanced
U191,49,7329.950612244899,58138.8,359167.5800000001,10009.255477416144,0.12244897959183673,0.3469387755102041,0.02040816326530612,1,0.0,bills,8,0.8163265306122449,card,547.830093116908,3,0.24489795918367346,230.8318457227148,236.33797589293047,0.0,0.12244897959183673,medium,family,frugal
U192,84,3563.885952380953,20028.81,299366.42000000004,4049.7667967885973,0.07142857142857142,0.2976190476190476,0.07142857142857142,6,0.023809523809523808,shopping,9,0.8690476190476191,wallet,342.2051126467562,3,0.6428571428571429,34.89380526438619,43.30402037362613,0.047619047619047616,0.023809523809523808,low,student,impulsive
U193,48,6846.113333333334,13549.49,328613.44,3519.3767194915768,0.16666666666666666,0.3333333333333333,0.20833333333333334,10,0.0625,bills,8,0.75,wallet,368.5524025863671,3,0.3125,64.99186304932714,74.23157270289472,0.020833333333333332,0.08333333333333333,medium_high,working,digital_addict
U194,51,20587.461372549016,225333.54,1049960.5299999998,44792.385522871766,0.37254901960784315,0.37254901960784315,0.058823529411764705,3,0.0,travel,8,0.8627450980392157,wallet,330.6846747493862,3,0.19607843137254902,53.01490016386166,45.55678883868245,0.0,0.0392156862745098,medium_high,working,luxury
U195,32,2743.2053124999998,10260.5,87782.56999999999,2038.5770733148797,0.03125,0.1875,0.0625,2,0.0625,shopping,7,0.8125,card,298.62795086934193,3,0.34375,154.72329819255526,149.28654686638896,0.0,0.0,low,student,frugal
U196,20,11080.700499999999,129617.18,221614.00999999998,28034.777494555703,0.05,0.3,0.2,4,0.0,health,6,0.85,UPI,296.99560826893605,3,0.6,38.86044915479947,39.153283071696286,0.05,0.1,medium,family,balanced
U197,16,4300.855625,9773.66,68813.69,2724.936840173166,0.0,0.1875,0.25,4,0.0625,health,5,0.8125,card,475.9445040343101,3,0.1875,77.50585325886965,98.64390644098242,0.0,0.0625,medium,family,digital_addict
U198,48,9659.073958333332,49781.34,463635.55,11338.335620258013,0.25,0.20833333333333334,0.1875,9,0.041666666666666664,shopping,9,0.8958333333333334,wallet,301.7666714100069,3,0.5625,145.8641119085863,156.78959162443303,0.0625,0.10416666666666667,medium,family,frugal
U199,18,22151.995,218021.8,398735.91,50754.36380434659,0.2222222222222222,0.16666666666666666,0.2222222222222222,4,0.05555555555555555,bills,6,0.7777777777777778,UPI,298.07950100680034,3,0.3333333333333333,38.83574034560479,60.32178838667772,0.0,0.1111111111111111,medium,family,impulsive
